{
"lengthUnit": "mil",
"components": {
	"fields": ["COMPONENT_NO", "COMPONENT_NAME", "LAYER", "X_COORDINATE", "Y_COORDINATE", "ANGLE"],
	"rows": [
		[1, "3.3V", "T", -2453.31, 755, 270],
		[2, "5v", "T", -2453.31, 435, 270],
		[3, "5V", "T", -105, 435, 90],
		[4, "EYE1", "T", -405, 755, 90],
		[5, "EYE2", "T", -405, 435, 90],
		[6, "I2C", "T", -985, 550, 90],
		[7, "I2C1", "T", -1270, 550, 90],
		[8, "IMU", "T", -1555, 550, 90],
		[9, "L_Antenna", "T", -1975, 1076.06, 180],
		[10, "Left", "T", -995.79, 1080, 180],
		[11, "MAX98357A", "T", -2155, 590, 270],
		[12, "ProjectLed", "T", -105, 755, 90],
		[13, "R1", "B", -1170, 525, 90],
		[14, "R2", "B", -1175, 370, 270],
		[15, "R_Antenna", "T", -1460.79, 1076.06, 180],
		[16, "Right", "T", -580, 1080, 180],
		[17, "SPI", "T", -1870, 590, 270],
		[18, "U1", "B", -1279.53, 137.8, 180],
		[19, "Uart", "T", -700, 550, 90]
	]
},
"pins": {
	"fields": ["PIN_NO", "PIN_NAME", "PIN_X", "PIN_Y", "LAYER", "PIN_TYPE", "NET_NAME", "NET_TYPE", "PAD_SHAPE", "PAD_SIZEX", "PAD_SIZEY", "HOLE_SIZE", "PAD_ANGLE"],
	"rows": [
		[1, "3.3V_1", -2453.31, 804.21, "T", "DIP", "3.3V", "", "R", 60, 59.05, 35.43, 270],
		[2, "3.3V_1", -2453.31, 804.21, "B", "DIP", "3.3V", "", "R", 60, 59.05, 35.43, 270],
		[3, "3.3V_2", -2453.31, 705.78, "T", "DIP", "GND", "GND", "C", 59.05, 59.05, 35.43, 270],
		[4, "3.3V_2", -2453.31, 705.78, "B", "DIP", "GND", "GND", "C", 59.05, 59.05, 35.43, 270],
		[5, "5v_1", -2453.31, 484.21, "T", "DIP", "+5V", "", "R", 60, 59.05, 35.43, 270],
		[6, "5v_1", -2453.31, 484.21, "B", "DIP", "+5V", "", "R", 60, 59.05, 35.43, 270],
		[7, "5v_2", -2453.31, 385.78, "T", "DIP", "GND", "GND", "C", 59.05, 59.05, 35.43, 270],
		[8, "5v_2", -2453.31, 385.78, "B", "DIP", "GND", "GND", "C", 59.05, 59.05, 35.43, 270],
		[9, "5V_1", -105, 385.78, "T", "DIP", "+5V", "", "R", 60, 59.05, 35.43, 90],
		[10, "5V_1", -105, 385.78, "B", "DIP", "+5V", "", "R", 60, 59.05, 35.43, 90],
		[11, "5V_2", -105, 484.22, "T", "DIP", "GND", "GND", "C", 59.05, 59.05, 35.43, 90],
		[12, "5V_2", -105, 484.22, "B", "DIP", "GND", "GND", "C", 59.05, 59.05, 35.43, 90],
		[13, "EYE1_1", -405, 705.79, "T", "DIP", "GPIO24", "", "R", 60, 59.05, 35.43, 90],
		[14, "EYE1_1", -405, 705.79, "B", "DIP", "GPIO24", "", "R", 60, 59.05, 35.43, 90],
		[15, "EYE1_2", -405, 804.21, "T", "DIP", "GND", "GND", "C", 59.05, 59.05, 35.43, 90],
		[16, "EYE1_2", -405, 804.21, "B", "DIP", "GND", "GND", "C", 59.05, 59.05, 35.43, 90],
		[17, "EYE2_1", -405, 385.78, "T", "DIP", "GPIO23", "", "R", 60, 59.05, 35.43, 90],
		[18, "EYE2_1", -405, 385.78, "B", "DIP", "GPIO23", "", "R", 60, 59.05, 35.43, 90],
		[19, "EYE2_2", -405, 484.22, "T", "DIP", "GND", "GND", "C", 59.05, 59.05, 35.43, 90],
		[20, "EYE2_2", -405, 484.22, "B", "DIP", "GND", "GND", "C", 59.05, 59.05, 35.43, 90],
		[21, "I2C_1", -985, 402.36, "T", "DIP", "SDA", "", "R", 59.05, 59.05, 35.43, 90],
		[22, "I2C_1", -985, 402.36, "B", "DIP", "SDA", "", "R", 59.05, 59.05, 35.43, 90],
		[23, "I2C_2", -985, 500.79, "T", "DIP", "SCL", "", "C", 59.05, 59.05, 35.43, 90],
		[24, "I2C_2", -985, 500.79, "B", "DIP", "SCL", "", "C", 59.05, 59.05, 35.43, 90],
		[25, "I2C_3", -985, 599.21, "T", "DIP", "3.3V", "", "C", 59.05, 59.05, 35.43, 90],
		[26, "I2C_3", -985, 599.21, "B", "DIP", "3.3V", "", "C", 59.05, 59.05, 35.43, 90],
		[27, "I2C_4", -985, 697.64, "T", "DIP", "GND", "GND", "C", 59.05, 59.05, 35.43, 90],
		[28, "I2C_4", -985, 697.64, "B", "DIP", "GND", "GND", "C", 59.05, 59.05, 35.43, 90],
		[29, "I2C1_1", -1270, 402.36, "T", "DIP", "SDA", "", "R", 59.05, 59.05, 35.43, 90],
		[30, "I2C1_1", -1270, 402.36, "B", "DIP", "SDA", "", "R", 59.05, 59.05, 35.43, 90],
		[31, "I2C1_2", -1270, 500.79, "T", "DIP", "SCL", "", "C", 59.05, 59.05, 35.43, 90],
		[32, "I2C1_2", -1270, 500.79, "B", "DIP", "SCL", "", "C", 59.05, 59.05, 35.43, 90],
		[33, "I2C1_3", -1270, 599.21, "T", "DIP", "3.3V", "", "C", 59.05, 59.05, 35.43, 90],
		[34, "I2C1_3", -1270, 599.21, "B", "DIP", "3.3V", "", "C", 59.05, 59.05, 35.43, 90],
		[35, "I2C1_4", -1270, 697.64, "T", "DIP", "GND", "GND", "C", 59.05, 59.05, 35.43, 90],
		[36, "I2C1_4", -1270, 697.64, "B", "DIP", "GND", "GND", "C", 59.05, 59.05, 35.43, 90],
		[37, "IMU_1", -1555, 402.36, "T", "DIP", "SDA", "", "R", 59.05, 59.05, 35.43, 90],
		[38, "IMU_1", -1555, 402.36, "B", "DIP", "SDA", "", "R", 59.05, 59.05, 35.43, 90],
		[39, "IMU_2", -1555, 500.79, "T", "DIP", "SCL", "", "C", 59.05, 59.05, 35.43, 90],
		[40, "IMU_2", -1555, 500.79, "B", "DIP", "SCL", "", "C", 59.05, 59.05, 35.43, 90],
		[41, "IMU_3", -1555, 599.21, "T", "DIP", "3.3V", "", "C", 59.05, 59.05, 35.43, 90],
		[42, "IMU_3", -1555, 599.21, "B", "DIP", "3.3V", "", "C", 59.05, 59.05, 35.43, 90],
		[43, "IMU_4", -1555, 697.64, "T", "DIP", "GND", "GND", "C", 59.05, 59.05, 35.43, 90],
		[44, "IMU_4", -1555, 697.64, "B", "DIP", "GND", "GND", "C", 59.05, 59.05, 35.43, 90],
		[45, "L_Antenna_1", -1876.58, 1076.06, "T", "DIP", "GPIO13", "", "R", 60, 60, 36, 180],
		[46, "L_Antenna_1", -1876.58, 1076.06, "B", "DIP", "GPIO13", "", "R", 60, 60, 36, 180],
		[47, "L_Antenna_2", -1975, 1076.06, "T", "DIP", "+5V", "", "C", 60, 60, 36, 180],
		[48, "L_Antenna_2", -1975, 1076.06, "B", "DIP", "+5V", "", "C", 60, 60, 36, 180],
		[49, "L_Antenna_3", -2073.43, 1076.06, "T", "DIP", "GND", "GND", "C", 60, 60, 36, 180],
		[50, "L_Antenna_3", -2073.43, 1076.06, "B", "DIP", "GND", "GND", "C", 60, 60, 36, 180],
		[51, "Left_1", -946.57, 1080, "T", "DIP", "GPIO22", "", "R", 60, 59.05, 35.43, 180],
		[52, "Left_1", -946.57, 1080, "B", "DIP", "GPIO22", "", "R", 60, 59.05, 35.43, 180],
		[53, "Left_2", -1045, 1080, "T", "DIP", "GND", "GND", "C", 59.05, 59.05, 35.43, 180],
		[54, "Left_2", -1045, 1080, "B", "DIP", "GND", "GND", "C", 59.05, 59.05, 35.43, 180],
		[55, "MAX98357A_1", -2155, 786.85, "T", "DIP", "+5V", "", "R", 60, 62.99, 43.31, 270],
		[56, "MAX98357A_1", -2155, 786.85, "B", "DIP", "+5V", "", "R", 60, 62.99, 43.31, 270],
		[57, "MAX98357A_2", -2155, 688.42, "T", "DIP", "GND", "GND", "C", 62.99, 62.99, 43.31, 270],
		[58, "MAX98357A_2", -2155, 688.42, "B", "DIP", "GND", "GND", "C", 62.99, 62.99, 43.31, 270],
		[59, "MAX98357A_3", -2155, 590, "T", "DIP", "DIN", "", "C", 62.99, 62.99, 43.31, 270],
		[60, "MAX98357A_3", -2155, 590, "B", "DIP", "DIN", "", "C", 62.99, 62.99, 43.31, 270],
		[61, "MAX98357A_4", -2155, 491.57, "T", "DIP", "BCLK", "", "C", 62.99, 62.99, 43.31, 270],
		[62, "MAX98357A_4", -2155, 491.57, "B", "DIP", "BCLK", "", "C", 62.99, 62.99, 43.31, 270],
		[63, "MAX98357A_5", -2155, 393.15, "T", "DIP", "LRC", "", "C", 62.99, 62.99, 43.31, 270],
		[64, "MAX98357A_5", -2155, 393.15, "B", "DIP", "LRC", "", "C", 62.99, 62.99, 43.31, 270],
		[65, "ProjectLed_1", -105, 705.79, "T", "DIP", "GPIO25", "", "R", 60, 59.05, 35.43, 90],
		[66, "ProjectLed_1", -105, 705.79, "B", "DIP", "GPIO25", "", "R", 60, 59.05, 35.43, 90],
		[67, "ProjectLed_2", -105, 804.21, "T", "DIP", "GND", "GND", "C", 59.05, 59.05, 35.43, 90],
		[68, "ProjectLed_2", -105, 804.21, "B", "DIP", "GND", "GND", "C", 59.05, 59.05, 35.43, 90],
		[69, "R1_1", -1170, 495.34, "B", "SMD", "SCL", "", "R", 31.75, 34.02, 0, 90],
		[70, "R1_2", -1170, 554.66, "B", "SMD", "3.3V", "", "R", 31.75, 34.02, 0, 90],
		[71, "R2_1", -1175, 399.66, "B", "SMD", "SDA", "", "R", 31.75, 34.02, 0, 270],
		[72, "R2_2", -1175, 340.34, "B", "SMD", "3.3V", "", "R", 31.75, 34.02, 0, 270],
		[73, "R_Antenna_1", -1362.36, 1076.06, "T", "DIP", "GPIO12", "", "R", 60, 60, 36, 180],
		[74, "R_Antenna_1", -1362.36, 1076.06, "B", "DIP", "GPIO12", "", "R", 60, 60, 36, 180],
		[75, "R_Antenna_2", -1460.79, 1076.06, "T", "DIP", "+5V", "", "C", 60, 60, 36, 180],
		[76, "R_Antenna_2", -1460.79, 1076.06, "B", "DIP", "+5V", "", "C", 60, 60, 36, 180],
		[77, "R_Antenna_3", -1559.21, 1076.06, "T", "DIP", "GND", "GND", "C", 60, 60, 36, 180],
		[78, "R_Antenna_3", -1559.21, 1076.06, "B", "DIP", "GND", "GND", "C", 60, 60, 36, 180],
		[79, "Right_1", -530.78, 1080, "T", "DIP", "GPIO27", "", "R", 60, 59.05, 35.43, 180],
		[80, "Right_1", -530.78, 1080, "B", "DIP", "GPIO27", "", "R", 60, 59.05, 35.43, 180],
		[81, "Right_2", -629.22, 1080, "T", "DIP", "GND", "GND", "C", 59.05, 59.05, 35.43, 180],
		[82, "Right_2", -629.22, 1080, "B", "DIP", "GND", "GND", "C", 59.05, 59.05, 35.43, 180],
		[83, "SPI_1", -1870, 836.06, "T", "DIP", "CE0", "", "R", 60, 60, 36, 270],
		[84, "SPI_1", -1870, 836.06, "B", "DIP", "CE0", "", "R", 60, 60, 36, 270],
		[85, "SPI_2", -1870, 737.63, "T", "DIP", "MOSI", "", "C", 60, 60, 36, 270],
		[86, "SPI_2", -1870, 737.63, "B", "DIP", "MOSI", "", "C", 60, 60, 36, 270],
		[87, "SPI_3", -1870, 639.22, "T", "DIP", "MISO", "", "C", 60, 60, 36, 270],
		[88, "SPI_3", -1870, 639.22, "B", "DIP", "MISO", "", "C", 60, 60, 36, 270],
		[89, "SPI_4", -1870, 540.78, "T", "DIP", "SCLK", "", "C", 60, 60, 36, 270],
		[90, "SPI_4", -1870, 540.78, "B", "DIP", "SCLK", "", "C", 60, 60, 36, 270],
		[91, "SPI_5", -1870, 442.37, "T", "DIP", "GND", "GND", "C", 60, 60, 36, 270],
		[92, "SPI_5", -1870, 442.37, "B", "DIP", "GND", "GND", "C", 60, 60, 36, 270],
		[93, "SPI_6", -1870, 343.94, "T", "DIP", "3.3V", "", "C", 60, 60, 36, 270],
		[94, "SPI_6", -1870, 343.94, "B", "DIP", "3.3V", "", "C", 60, 60, 36, 270],
		[95, "U1_1", -329.53, 187.8, "T", "DIP", "3.3V", "", "C", 62.99, 62.99, 39.37, 180],
		[96, "U1_1", -329.53, 187.8, "B", "DIP", "3.3V", "", "C", 62.99, 62.99, 39.37, 180],
		[97, "U1_2", -329.53, 87.8, "T", "DIP", "+5V", "", "R", 62.99, 62.99, 39.37, 180],
		[98, "U1_2", -329.53, 87.8, "B", "DIP", "+5V", "", "R", 62.99, 62.99, 39.37, 180],
		[99, "U1_3", -429.53, 187.8, "T", "DIP", "SDA", "", "C", 62.99, 62.99, 39.37, 180],
		[100, "U1_3", -429.53, 187.8, "B", "DIP", "SDA", "", "C", 62.99, 62.99, 39.37, 180],
		[101, "U1_4", -429.53, 87.8, "T", "DIP", "+5V", "", "C", 62.99, 62.99, 39.37, 180],
		[102, "U1_4", -429.53, 87.8, "B", "DIP", "+5V", "", "C", 62.99, 62.99, 39.37, 180],
		[103, "U1_5", -529.53, 187.8, "T", "DIP", "SCL", "", "C", 62.99, 62.99, 39.37, 180],
		[104, "U1_5", -529.53, 187.8, "B", "DIP", "SCL", "", "C", 62.99, 62.99, 39.37, 180],
		[105, "U1_6", -529.53, 87.8, "T", "DIP", "GND", "GND", "C", 62.99, 62.99, 39.37, 180],
		[106, "U1_6", -529.53, 87.8, "B", "DIP", "GND", "GND", "C", 62.99, 62.99, 39.37, 180],
		[107, "U1_7", -629.53, 187.8, "T", "DIP", "U1_7", "", "C", 62.99, 62.99, 39.37, 180],
		[108, "U1_7", -629.53, 187.8, "B", "DIP", "U1_7", "", "C", 62.99, 62.99, 39.37, 180],
		[109, "U1_8", -629.53, 87.8, "T", "DIP", "TX", "", "C", 62.99, 62.99, 39.37, 180],
		[110, "U1_8", -629.53, 87.8, "B", "DIP", "TX", "", "C", 62.99, 62.99, 39.37, 180],
		[111, "U1_9", -729.53, 187.8, "T", "DIP", "GND", "GND", "C", 62.99, 62.99, 39.37, 180],
		[112, "U1_9", -729.53, 187.8, "B", "DIP", "GND", "GND", "C", 62.99, 62.99, 39.37, 180],
		[113, "U1_10", -729.53, 87.8, "T", "DIP", "RX", "", "C", 62.99, 62.99, 39.37, 180],
		[114, "U1_10", -729.53, 87.8, "B", "DIP", "RX", "", "C", 62.99, 62.99, 39.37, 180],
		[115, "U1_12", -829.53, 187.8, "T", "DIP", "BCLK", "", "C", 62.99, 62.99, 39.37, 180],
		[116, "U1_12", -829.53, 187.8, "B", "DIP", "BCLK", "", "C", 62.99, 62.99, 39.37, 180],
		[117, "U1_12", -829.53, 87.8, "T", "DIP", "BCLK", "", "C", 62.99, 62.99, 39.37, 180],
		[118, "U1_12", -829.53, 87.8, "B", "DIP", "BCLK", "", "C", 62.99, 62.99, 39.37, 180],
		[119, "U1_13", -929.53, 187.8, "T", "DIP", "GPIO27", "", "C", 62.99, 62.99, 39.37, 180],
		[120, "U1_13", -929.53, 187.8, "B", "DIP", "GPIO27", "", "C", 62.99, 62.99, 39.37, 180],
		[121, "U1_14", -929.53, 87.8, "T", "DIP", "GND", "GND", "C", 62.99, 62.99, 39.37, 180],
		[122, "U1_14", -929.53, 87.8, "B", "DIP", "GND", "GND", "C", 62.99, 62.99, 39.37, 180],
		[123, "U1_15", -1029.53, 187.8, "T", "DIP", "GPIO22", "", "C", 62.99, 62.99, 39.37, 180],
		[124, "U1_15", -1029.53, 187.8, "B", "DIP", "GPIO22", "", "C", 62.99, 62.99, 39.37, 180],
		[125, "U1_16", -1029.53, 87.8, "T", "DIP", "GPIO23", "", "C", 62.99, 62.99, 39.37, 180],
		[126, "U1_16", -1029.53, 87.8, "B", "DIP", "GPIO23", "", "C", 62.99, 62.99, 39.37, 180],
		[127, "U1_17", -1129.53, 187.8, "T", "DIP", "U1_17", "", "C", 62.99, 62.99, 39.37, 180],
		[128, "U1_17", -1129.53, 187.8, "B", "DIP", "U1_17", "", "C", 62.99, 62.99, 39.37, 180],
		[129, "U1_18", -1129.53, 87.8, "T", "DIP", "GPIO24", "", "C", 62.99, 62.99, 39.37, 180],
		[130, "U1_18", -1129.53, 87.8, "B", "DIP", "GPIO24", "", "C", 62.99, 62.99, 39.37, 180],
		[131, "U1_19", -1229.53, 187.8, "T", "DIP", "MOSI", "", "C", 62.99, 62.99, 39.37, 180],
		[132, "U1_19", -1229.53, 187.8, "B", "DIP", "MOSI", "", "C", 62.99, 62.99, 39.37, 180],
		[133, "U1_20", -1229.53, 87.8, "T", "DIP", "GND", "GND", "C", 62.99, 62.99, 39.37, 180],
		[134, "U1_20", -1229.53, 87.8, "B", "DIP", "GND", "GND", "C", 62.99, 62.99, 39.37, 180],
		[135, "U1_21", -1329.53, 187.8, "T", "DIP", "MISO", "", "C", 62.99, 62.99, 39.37, 180],
		[136, "U1_21", -1329.53, 187.8, "B", "DIP", "MISO", "", "C", 62.99, 62.99, 39.37, 180],
		[137, "U1_22", -1329.53, 87.8, "T", "DIP", "GPIO25", "", "C", 62.99, 62.99, 39.37, 180],
		[138, "U1_22", -1329.53, 87.8, "B", "DIP", "GPIO25", "", "C", 62.99, 62.99, 39.37, 180],
		[139, "U1_23", -1429.53, 187.8, "T", "DIP", "SCLK", "", "C", 62.99, 62.99, 39.37, 180],
		[140, "U1_23", -1429.53, 187.8, "B", "DIP", "SCLK", "", "C", 62.99, 62.99, 39.37, 180],
		[141, "U1_24", -1429.53, 87.8, "T", "DIP", "CE0", "", "C", 62.99, 62.99, 39.37, 180],
		[142, "U1_24", -1429.53, 87.8, "B", "DIP", "CE0", "", "C", 62.99, 62.99, 39.37, 180],
		[143, "U1_25", -1529.53, 187.8, "T", "DIP", "GND", "GND", "C", 62.99, 62.99, 39.37, 180],
		[144, "U1_25", -1529.53, 187.8, "B", "DIP", "GND", "GND", "C", 62.99, 62.99, 39.37, 180],
		[145, "U1_26", -1529.53, 87.8, "T", "DIP", "U1_26", "", "C", 62.99, 62.99, 39.37, 180],
		[146, "U1_26", -1529.53, 87.8, "B", "DIP", "U1_26", "", "C", 62.99, 62.99, 39.37, 180],
		[147, "U1_27", -1629.53, 187.8, "T", "DIP", "U1_27", "", "C", 62.99, 62.99, 39.37, 180],
		[148, "U1_27", -1629.53, 187.8, "B", "DIP", "U1_27", "", "C", 62.99, 62.99, 39.37, 180],
		[149, "U1_28", -1629.53, 87.8, "T", "DIP", "U1_28", "", "C", 62.99, 62.99, 39.37, 180],
		[150, "U1_28", -1629.53, 87.8, "B", "DIP", "U1_28", "", "C", 62.99, 62.99, 39.37, 180],
		[151, "U1_29", -1729.53, 187.8, "T", "DIP", "U1_29", "", "C", 62.99, 62.99, 39.37, 180],
		[152, "U1_29", -1729.53, 187.8, "B", "DIP", "U1_29", "", "C", 62.99, 62.99, 39.37, 180],
		[153, "U1_30", -1729.53, 87.8, "T", "DIP", "GND", "GND", "C", 62.99, 62.99, 39.37, 180],
		[154, "U1_30", -1729.53, 87.8, "B", "DIP", "GND", "GND", "C", 62.99, 62.99, 39.37, 180],
		[155, "U1_32", -1829.53, 87.8, "T", "DIP", "GPIO12", "", "C", 62.99, 62.99, 39.37, 180],
		[156, "U1_32", -1829.53, 87.8, "B", "DIP", "GPIO12", "", "C", 62.99, 62.99, 39.37, 180],
		[157, "U1_33", -1929.53, 187.8, "T", "DIP", "GPIO13", "", "C", 62.99, 62.99, 39.37, 180],
		[158, "U1_33", -1929.53, 187.8, "B", "DIP", "GPIO13", "", "C", 62.99, 62.99, 39.37, 180],
		[159, "U1_33", -1829.53, 187.8, "T", "DIP", "GPIO13", "", "C", 62.99, 62.99, 39.37, 180],
		[160, "U1_33", -1829.53, 187.8, "B", "DIP", "GPIO13", "", "C", 62.99, 62.99, 39.37, 180],
		[161, "U1_34", -1929.53, 87.8, "T", "DIP", "U1_34", "", "C", 62.99, 62.99, 39.37, 180],
		[162, "U1_34", -1929.53, 87.8, "B", "DIP", "U1_34", "", "C", 62.99, 62.99, 39.37, 180],
		[163, "U1_35", -2029.53, 187.8, "T", "DIP", "LRC", "", "C", 62.99, 62.99, 39.37, 180],
		[164, "U1_35", -2029.53, 187.8, "B", "DIP", "LRC", "", "C", 62.99, 62.99, 39.37, 180],
		[165, "U1_36", -2029.53, 87.8, "T", "DIP", "U1_36", "", "C", 62.99, 62.99, 39.37, 180],
		[166, "U1_36", -2029.53, 87.8, "B", "DIP", "U1_36", "", "C", 62.99, 62.99, 39.37, 180],
		[167, "U1_37", -2129.53, 187.8, "T", "DIP", "U1_37", "", "C", 62.99, 62.99, 39.37, 180],
		[168, "U1_37", -2129.53, 187.8, "B", "DIP", "U1_37", "", "C", 62.99, 62.99, 39.37, 180],
		[169, "U1_38", -2129.53, 87.8, "T", "DIP", "U1_38", "", "C", 62.99, 62.99, 39.37, 180],
		[170, "U1_38", -2129.53, 87.8, "B", "DIP", "U1_38", "", "C", 62.99, 62.99, 39.37, 180],
		[171, "U1_39", -2229.53, 187.8, "T", "DIP", "GND", "GND", "C", 62.99, 62.99, 39.37, 180],
		[172, "U1_39", -2229.53, 187.8, "B", "DIP", "GND", "GND", "C", 62.99, 62.99, 39.37, 180],
		[173, "U1_40", -2229.53, 87.8, "T", "DIP", "DIN", "", "C", 62.99, 62.99, 39.37, 180],
		[174, "U1_40", -2229.53, 87.8, "B", "DIP", "DIN", "", "C", 62.99, 62.99, 39.37, 180],
		[175, "Uart_1", -700, 402.36, "T", "DIP", "3.3V", "", "R", 59.05, 59.05, 35.43, 90],
		[176, "Uart_1", -700, 402.36, "B", "DIP", "3.3V", "", "R", 59.05, 59.05, 35.43, 90],
		[177, "Uart_2", -700, 500.79, "T", "DIP", "RX", "", "C", 59.05, 59.05, 35.43, 90],
		[178, "Uart_2", -700, 500.79, "B", "DIP", "RX", "", "C", 59.05, 59.05, 35.43, 90],
		[179, "Uart_3", -700, 599.21, "T", "DIP", "TX", "", "C", 59.05, 59.05, 35.43, 90],
		[180, "Uart_3", -700, 599.21, "B", "DIP", "TX", "", "C", 59.05, 59.05, 35.43, 90],
		[181, "Uart_4", -700, 697.64, "T", "DIP", "GND", "GND", "C", 59.05, 59.05, 35.43, 90],
		[182, "Uart_4", -700, 697.64, "B", "DIP", "GND", "GND", "C", 59.05, 59.05, 35.43, 90]
	]
}
}